"DIRECTORIO","SECUENCIA_P","ORDEN","HOGAR","REGIS","CLASE","P7250","P7260","P7280","P7280S1","P7310","P7320","P7350","P7350S1","P7360","P9460","P7390","P7390S1","P7420","P7420S1","P7420S2","P7420S3","P7420S4","P7420S5","P7420S6","P7420S7","P7420S7A1","P7420S8","P7422","P7422S1","P1806","P1519","P1883","OFICIO1","OFICIO2","RAMA2D_D","DSI","DSCY","RAMA4D_D","MES","DPTO","fex_c_2011"
4473881,1,1,1,"70","2",24,48,1,"",2,120,1,"",3,2,2,"","",1.79769313486232e+308,1.79769313486232e+308,1.79769313486232e+308,1.79769313486232e+308,1.79769313486232e+308,1.79769313486232e+308,1.79769313486232e+308,"",1,2,1.79769313486232e+308,500000,2,1.79769313486232e+308,"45","45","55",1,2,"5521","11","76",2794.31477066555
4474725,1,3,1,"70","2",16,48,1,"",2,12,1,"",2,2,1,"","",1.79769313486232e+308,1.79769313486232e+308,1.79769313486232e+308,1.79769313486232e+308,1.79769313486232e+308,1.79769313486232e+308,1.79769313486232e+308,"",1,2,1.79769313486232e+308,737717,2,1.79769313486232e+308,"58","62","01",1,2,"0130","11","73",1382.93305884977
4474805,1,2,1,"70","2",4,40,4,"",2,5,6,"",2,2,3,"","",1.79769313486232e+308,1.79769313486232e+308,1.79769313486232e+308,1,1.79769313486232e+308,1.79769313486232e+308,1.79769313486232e+308,"",1.79769313486232e+308,2,1.79769313486232e+308,800000,2,1.79769313486232e+308,"61","62","01",1,1,"0114","11","73",581.58249075473
4474811,1,1,1,"70","2",20,40,4,"",2,12,3,"",1,2,1,"","",1.79769313486232e+308,1.79769313486232e+308,1.79769313486232e+308,1.79769313486232e+308,1.79769313486232e+308,1.79769313486232e+308,1.79769313486232e+308,"",1,2,1.79769313486232e+308,2000000,2,1.79769313486232e+308,"41","54","95",1,2,"9500","11","73",1258.16045701798
4474811,1,2,1,"70","2",52,40,8,"",1,1.79769313486232e+308,1.79769313486232e+308,"",1.79769313486232e+308,1.79769313486232e+308,1.79769313486232e+308,"",".",1.79769313486232e+308,1.79769313486232e+308,1.79769313486232e+308,1.79769313486232e+308,1.79769313486232e+308,1.79769313486232e+308,1.79769313486232e+308,".",1.79769313486232e+308,1.79769313486232e+308,1.79769313486232e+308,1500000,1.79769313486232e+308,1.79769313486232e+308,"62","","",1,2,"","11","73",1258.16045701798
4474815,1,5,1,"70","2",2,40,1,"",2,1,1,"",4,2,4,"","",1.79769313486232e+308,1.79769313486232e+308,1.79769313486232e+308,1.79769313486232e+308,1.79769313486232e+308,1.79769313486232e+308,1.79769313486232e+308,"",1,1,125000,500000,2,1.79769313486232e+308,"45","55","52",1,1,"5211","11","73",1597.13521769953
4474825,1,3,1,"70","2",16,48,1,"",2,16,6,"",4,2,1,"","",1.79769313486232e+308,1.79769313486232e+308,1.79769313486232e+308,1.79769313486232e+308,1.79769313486232e+308,1.79769313486232e+308,1.79769313486232e+308,"",1,2,1.79769313486232e+308,900000,2,1.79769313486232e+308,"45","62","01",1,2,"0119","11","73",903.498306919175
4474832,1,2,1,"70","2",16,24,1,"",2,120,3,"",1,2,1,"","",1.79769313486232e+308,1.79769313486232e+308,1.79769313486232e+308,1.79769313486232e+308,1.79769313486232e+308,1.79769313486232e+308,1.79769313486232e+308,"",1,2,1.79769313486232e+308,300000,2,1.79769313486232e+308,"45","54","95",1,2,"9500","11","76",2589.30424055787
4474835,1,3,1,"70","2",44,48,1,"",2,72,1,"",3,2,1,"","",1.79769313486232e+308,1.79769313486232e+308,1.79769313486232e+308,1.79769313486232e+308,1.79769313486232e+308,1.79769313486232e+308,1.79769313486232e+308,"",1,2,1.79769313486232e+308,300000,2,1.79769313486232e+308,"99","54","55",1,2,"5512","11","76",1229.59113628076
4475919,1,3,1,"70","2",12,40,1,"",2,12,1,"",6,2,1,"","",1.79769313486232e+308,1.79769313486232e+308,1.79769313486232e+308,1.79769313486232e+308,1.79769313486232e+308,1.79769313486232e+308,1.79769313486232e+308,"",1,2,1.79769313486232e+308,737717,2,1.79769313486232e+308,"53","53","55",1,1,"5521","11","52",4266.7863473509
4475971,1,2,1,"70","2",4,28,3,"",2,21,3,"",1,2,1,"","",1.79769313486232e+308,1.79769313486232e+308,1.79769313486232e+308,1.79769313486232e+308,1.79769313486232e+308,1.79769313486232e+308,1.79769313486232e+308,"",1,2,1.79769313486232e+308,150000,2,1.79769313486232e+308,"54","54","95",1,1,"9500","11","52",1773.62827128261
4475978,1,2,1,"70","2",52,40,1,"",2,108,1,"",2,2,1,"","",1.79769313486232e+308,1.79769313486232e+308,1.79769313486232e+308,1.79769313486232e+308,1.79769313486232e+308,1.79769313486232e+308,1.79769313486232e+308,"",1,2,1.79769313486232e+308,400000,2,1.79769313486232e+308,"45","45","52",1,2,"5233","11","52",1773.62827128261
4475994,1,2,1,"70","2",1,42,3,"",2,676,3,"",1,2,2,"","",1.79769313486232e+308,1.79769313486232e+308,1.79769313486232e+308,1.79769313486232e+308,1.79769313486232e+308,1.79769313486232e+308,1.79769313486232e+308,"",1,2,1.79769313486232e+308,400000,2,1.79769313486232e+308,"54","54","95",1,1,"9500","11","76",3887.86265683689
4475994,1,4,1,"70","2",156,48,1,"",2,148,8,"",3,2,2,"","",1.79769313486232e+308,1.79769313486232e+308,1.79769313486232e+308,1.79769313486232e+308,1.79769313486232e+308,1.79769313486232e+308,1.79769313486232e+308,"",1,2,1.79769313486232e+308,737717,2,1.79769313486232e+308,"85","62","01",1,2,"0114","11","76",3887.86265683689
4475995,1,2,1,"70","2",12,48,1,"",2,16,1,"",9,2,4,"","",1.79769313486232e+308,1.79769313486232e+308,1.79769313486232e+308,1.79769313486232e+308,1.79769313486232e+308,1.79769313486232e+308,1.79769313486232e+308,"",1,2,1.79769313486232e+308,737717,2,1.79769313486232e+308,"39","85","29",1,1,"2930","11","76",1229.59113628076
4476075,1,2,1,"70","2",15,48,1,"",1,1.79769313486232e+308,1.79769313486232e+308,"",1.79769313486232e+308,1.79769313486232e+308,1.79769313486232e+308,"",".",1.79769313486232e+308,1.79769313486232e+308,1.79769313486232e+308,1.79769313486232e+308,1.79769313486232e+308,1.79769313486232e+308,1.79769313486232e+308,".",1.79769313486232e+308,1.79769313486232e+308,1.79769313486232e+308,737717,1.79769313486232e+308,1.79769313486232e+308,"45","","",1,2,"","11","17",945.87742922433
4476076,1,1,1,"70","2",10,48,3,"",2,104,1,"",4,2,1,"","",1.79769313486232e+308,1.79769313486232e+308,1.79769313486232e+308,1.79769313486232e+308,1.79769313486232e+308,1.79769313486232e+308,1.79769313486232e+308,"",1,2,1.79769313486232e+308,600000,2,1.79769313486232e+308,"54","54","55",1,1,"5521","11","17",1441.94555887175
4476077,1,2,1,"70","2",26,48,1,"",2,26,1,"",5,2,1,"","",1.79769313486232e+308,1.79769313486232e+308,1.79769313486232e+308,1.79769313486232e+308,1.79769313486232e+308,1.79769313486232e+308,1.79769313486232e+308,"",1,2,1.79769313486232e+308,300000,2,1.79769313486232e+308,"45","97","52",1,2,"5211","11","17",1257.02155255082
4476078,1,3,1,"70","2",16,48,1,"",2,16,1,"",4,2,1,"","",1.79769313486232e+308,1.79769313486232e+308,1.79769313486232e+308,1.79769313486232e+308,1.79769313486232e+308,1.79769313486232e+308,1.79769313486232e+308,"",1,2,1.79769313486232e+308,600000,2,1.79769313486232e+308,"45","53","55",1,2,"5521","11","17",781.206399984244
4476117,1,3,1,"70","2",60,50,1,"",1,1.79769313486232e+308,1.79769313486232e+308,"",1.79769313486232e+308,1.79769313486232e+308,1.79769313486232e+308,"",".",1.79769313486232e+308,1.79769313486232e+308,1.79769313486232e+308,1.79769313486232e+308,1.79769313486232e+308,1.79769313486232e+308,1.79769313486232e+308,".",1.79769313486232e+308,1.79769313486232e+308,1.79769313486232e+308,700000,1.79769313486232e+308,1.79769313486232e+308,"53","","",1,2,"","11","17",781.206399984244
4476122,1,2,1,"70","2",48,48,1,"",2,52,1,"",4,2,1,"","",1.79769313486232e+308,1.79769313486232e+308,1.79769313486232e+308,1.79769313486232e+308,1.79769313486232e+308,1.79769313486232e+308,1.79769313486232e+308,"",1,2,1.79769313486232e+308,400000,2,1.79769313486232e+308,"45","45","52",1,2,"5211","11","17",2105.39406617189
4476122,1,3,1,"70","2",3,48,1,"",2,36,1,"",1,2,1,"","",1.79769313486232e+308,1.79769313486232e+308,1.79769313486232e+308,1.79769313486232e+308,1.79769313486232e+308,1.79769313486232e+308,1.79769313486232e+308,"",1,2,1.79769313486232e+308,700000,2,1.79769313486232e+308,"98","98","60",1,1,"6022","11","17",2105.39406617189
4476130,1,2,1,"70","2",20,48,1,"",1,1.79769313486232e+308,1.79769313486232e+308,"",1.79769313486232e+308,1.79769313486232e+308,1.79769313486232e+308,"",".",1.79769313486232e+308,1.79769313486232e+308,1.79769313486232e+308,1.79769313486232e+308,1.79769313486232e+308,1.79769313486232e+308,1.79769313486232e+308,".",1.79769313486232e+308,1.79769313486232e+308,1.79769313486232e+308,700000,1.79769313486232e+308,1.79769313486232e+308,"45","","",1,2,"","11","17",1578.89404027742
4476136,1,3,1,"70","2",2,48,1,"",2,4,8,"",2,2,1,"","",1.79769313486232e+308,1.79769313486232e+308,1.79769313486232e+308,1.79769313486232e+308,1.79769313486232e+308,1.79769313486232e+308,1.79769313486232e+308,"",1,1,700000,737717,2,1.79769313486232e+308,"33","62","01",1,1,"0111","11","17",1391.5116992526
4478254,1,2,1,"70","2",52,48,2,"",2,50,4,"",8,2,1,"","",1.79769313486232e+308,1.79769313486232e+308,1.79769313486232e+308,1.79769313486232e+308,1.79769313486232e+308,1.79769313486232e+308,1.79769313486232e+308,"",1,2,1.79769313486232e+308,737717,2,1.79769313486232e+308,"39","39","75",1,2,"7512","11","19",632.265290715873
4478259,1,1,1,"70","2",2,30,1,"",2,8,4,"",1,2,1,"","",1.79769313486232e+308,1.79769313486232e+308,1.79769313486232e+308,1.79769313486232e+308,1.79769313486232e+308,1.79769313486232e+308,1.79769313486232e+308,"",1,1,50000,200000,2,1.79769313486232e+308,"61","61","01",1,1,"0140","11","19",844.577161231902
4478367,1,8,1,"70","2",6,40,3,"",2,20,3,"",1,2,1,"","",1.79769313486232e+308,1.79769313486232e+308,1.79769313486232e+308,1.79769313486232e+308,1.79769313486232e+308,1.79769313486232e+308,1.79769313486232e+308,"",1,2,1.79769313486232e+308,600000,2,1.79769313486232e+308,"54","54","95",1,1,"9500","11","19",1063.03065303297
4478368,1,1,1,"70","2",28,32,3,"",2,28,3,"",1,2,1,"","",1.79769313486232e+308,1.79769313486232e+308,1.79769313486232e+308,1.79769313486232e+308,1.79769313486232e+308,1,1.79769313486232e+308,"",1.79769313486232e+308,2,1.79769313486232e+308,300000,2,1.79769313486232e+308,"54","54","95",1,2,"9500","11","19",1347.14796542464
4478384,1,4,1,"70","2",20,40,2,"",2,4,2,"",9,2,1,"","",1.79769313486232e+308,1.79769313486232e+308,1.79769313486232e+308,1.79769313486232e+308,1.79769313486232e+308,1.79769313486232e+308,1.79769313486232e+308,"",1,2,1.79769313486232e+308,737717,2,1.79769313486232e+308,"39","39","75",1,2,"7512","11","19",1555.73729567331
4478417,1,1,1,"70","2",3,48,8,"",2,3,8,"",4,2,1,"","",1.79769313486232e+308,1.79769313486232e+308,1.79769313486232e+308,1.79769313486232e+308,1.79769313486232e+308,1.79769313486232e+308,1.79769313486232e+308,"",1,1,400000,737717,2,1.79769313486232e+308,"62","62","01",1,1,"0111","11","05",2192.83141853769
4478417,1,2,1,"70","2",3,48,8,"",2,3,8,"",4,2,1,"","",1.79769313486232e+308,1.79769313486232e+308,1.79769313486232e+308,1.79769313486232e+308,1.79769313486232e+308,1.79769313486232e+308,1.79769313486232e+308,"",1,1,400000,737717,2,1.79769313486232e+308,"62","62","01",1,1,"0111","11","05",2192.83141853769
4478424,1,4,1,"70","2",2,48,1,"",2,2,1,"",9,2,2,"","",1.79769313486232e+308,1.79769313486232e+308,1.79769313486232e+308,1.79769313486232e+308,1.79769313486232e+308,1.79769313486232e+308,1.79769313486232e+308,"",1,1,400000,737000,2,1.79769313486232e+308,"97","97","52",1,1,"5211","11","05",2192.83141853769
4478435,1,1,1,"70","2",47,48,1,"",2,47,1,"",2,2,2,"","",1.79769313486232e+308,1.79769313486232e+308,1.79769313486232e+308,1.79769313486232e+308,1.79769313486232e+308,1.79769313486232e+308,1.79769313486232e+308,"",1,2,1.79769313486232e+308,737717,2,1.79769313486232e+308,"97","97","60",1,2,"6042","11","05",2942.03162550041
4478471,1,3,1,"70","2",24,48,1,"",2,2,8,"",9,2,3,"","",1.79769313486232e+308,1.79769313486232e+308,1.79769313486232e+308,1.79769313486232e+308,1.79769313486232e+308,1.79769313486232e+308,1.79769313486232e+308,"",1,1,12000,737000,2,1.79769313486232e+308,"59","62","01",1,2,"0111","11","05",8309.52893389026
4478564,1,2,1,"70","2",3,24,4,"",2,32,4,"",1,2,2,"","",1.79769313486232e+308,1.79769313486232e+308,1.79769313486232e+308,1.79769313486232e+308,1.79769313486232e+308,1.79769313486232e+308,1.79769313486232e+308,"",1,2,1.79769313486232e+308,400000,2,1.79769313486232e+308,"53","53","55",1,1,"5529","11","63",1610.38771056349
4478613,1,3,1,"70","2",2,56,4,"",1,1.79769313486232e+308,1.79769313486232e+308,"",1.79769313486232e+308,1.79769313486232e+308,1.79769313486232e+308,"",".",1.79769313486232e+308,1.79769313486232e+308,1.79769313486232e+308,1.79769313486232e+308,1.79769313486232e+308,1.79769313486232e+308,1.79769313486232e+308,".",1.79769313486232e+308,1.79769313486232e+308,1.79769313486232e+308,70000,1.79769313486232e+308,1.79769313486232e+308,"53","","",1,1,"","11","63",402.596927640872
4478633,1,4,1,"70","2",52,48,1,"",2,52,1,"",9,2,5,"","",1.79769313486232e+308,1.79769313486232e+308,1.79769313486232e+308,1.79769313486232e+308,1.79769313486232e+308,1.79769313486232e+308,1.79769313486232e+308,"",1,2,1.79769313486232e+308,738000,2,1.79769313486232e+308,"37","35","64",1,2,"6412","11","63",1194.88569890599
4478641,1,2,1,"70","2",4,48,1,"",2,5,1,"",2,2,4,"","",1.79769313486232e+308,1.79769313486232e+308,1.79769313486232e+308,1.79769313486232e+308,1.79769313486232e+308,1.79769313486232e+308,1.79769313486232e+308,"",1,2,1.79769313486232e+308,737700,2,1.79769313486232e+308,"53","44","63",1,1,"6340","11","63",1257.52491650415
4478642,1,3,1,"70","2",3,40,1,"",2,4,4,"",1,2,1,"","",1.79769313486232e+308,1.79769313486232e+308,1.79769313486232e+308,1.79769313486232e+308,1.79769313486232e+308,1.79769313486232e+308,1.79769313486232e+308,"",1,1,220000,737700,2,1.79769313486232e+308,"44","53","55",1,1,"5511","11","63",1303.6750927754
4478654,1,2,1,"70","2",4,48,1,"",1,1.79769313486232e+308,1.79769313486232e+308,"",1.79769313486232e+308,1.79769313486232e+308,1.79769313486232e+308,"",".",1.79769313486232e+308,1.79769313486232e+308,1.79769313486232e+308,1.79769313486232e+308,1.79769313486232e+308,1.79769313486232e+308,1.79769313486232e+308,".",1.79769313486232e+308,1.79769313486232e+308,1.79769313486232e+308,737717,1.79769313486232e+308,1.79769313486232e+308,"45","","",1,1,"","11","66",2151.7248476165
4478659,1,1,1,"70","2",4,48,1,"",2,20,1,"",2,2,4,"","",1.79769313486232e+308,1.79769313486232e+308,1.79769313486232e+308,1.79769313486232e+308,1.79769313486232e+308,1.79769313486232e+308,1.79769313486232e+308,"",1,2,1.79769313486232e+308,737717,2,1.79769313486232e+308,"60","62","01",1,1,"0140","11","66",1378.08778630913
4478669,1,3,1,"70","2",16,48,1,"",2,40,1,"",2,2,1,"","",1.79769313486232e+308,1.79769313486232e+308,1.79769313486232e+308,1.79769313486232e+308,1.79769313486232e+308,1.79769313486232e+308,1.79769313486232e+308,"",1,2,1.79769313486232e+308,737717,2,1.79769313486232e+308,"59","59","85",1,2,"8513","11","66",1213.999209959
4478670,1,2,1,"70","2",40,40,1,"",2,40,1,"",9,2,1,"","",1.79769313486232e+308,1.79769313486232e+308,1.79769313486232e+308,1.79769313486232e+308,1.79769313486232e+308,1.79769313486232e+308,1.79769313486232e+308,"",1,2,1.79769313486232e+308,700000,2,1.79769313486232e+308,"53","53","55",1,2,"5521","11","66",785.826880324357
4478722,1,3,1,"70","2",6,24,1,"",1,1.79769313486232e+308,1.79769313486232e+308,"",1.79769313486232e+308,1.79769313486232e+308,1.79769313486232e+308,"",".",1.79769313486232e+308,1.79769313486232e+308,1.79769313486232e+308,1.79769313486232e+308,1.79769313486232e+308,1.79769313486232e+308,1.79769313486232e+308,".",1.79769313486232e+308,1.79769313486232e+308,1.79769313486232e+308,600000,1.79769313486232e+308,1.79769313486232e+308,"45","","",1,1,"","11","66",3129.18215463047
4478805,1,1,1,"70","2",3,40,1,"",2,20,1,"",3,2,1,"","",1.79769313486232e+308,1.79769313486232e+308,1.79769313486232e+308,1.79769313486232e+308,1.79769313486232e+308,1.79769313486232e+308,1.79769313486232e+308,"",1,2,1.79769313486232e+308,600000,2,1.79769313486232e+308,"53","53","55",1,1,"5521","11","66",4271.99433287278
4478808,1,2,1,"70","2",12,1,2,"",2,250,2,"",9,2,1,"","",1.79769313486232e+308,1.79769313486232e+308,1.79769313486232e+308,1.79769313486232e+308,1.79769313486232e+308,1.79769313486232e+308,1.79769313486232e+308,"",1,2,1.79769313486232e+308,737717,2,1.79769313486232e+308,"54","13","80",1,1,"8011","11","66",4768.63681685065
4478905,1,2,1,"70","2",20,48,1,"",2,36,1,"",7,2,1,"","",1.79769313486232e+308,1.79769313486232e+308,1.79769313486232e+308,1.79769313486232e+308,1.79769313486232e+308,1.79769313486232e+308,1.79769313486232e+308,"",1,2,1.79769313486232e+308,700000,2,1.79769313486232e+308,"45","55","01",1,2,"0123","11","05",1399.74185769673
4479907,1,1,1,"70","2",40,48,8,"",2,37,1,"",9,2,1,"","",1.79769313486232e+308,1.79769313486232e+308,1.79769313486232e+308,1.79769313486232e+308,1.79769313486232e+308,1.79769313486232e+308,1.79769313486232e+308,"",1,2,1.79769313486232e+308,500000,2,1.79769313486232e+308,"62","58","45",1,2,"4530","11","20",1525.23751922637
4479926,1,3,1,"70","2",6,40,8,"",2,12,8,"",3,2,1,"","",1.79769313486232e+308,1.79769313486232e+308,1.79769313486232e+308,1.79769313486232e+308,1.79769313486232e+308,1.79769313486232e+308,1.79769313486232e+308,"",1,2,1.79769313486232e+308,600000,2,1.79769313486232e+308,"62","62","01",1,1,"0121","11","20",1823.48472751963
4479926,1,4,1,"70","2",4,40,8,"",2,4,8,"",3,2,1,"","",1.79769313486232e+308,1.79769313486232e+308,1.79769313486232e+308,1.79769313486232e+308,1.79769313486232e+308,1.79769313486232e+308,1.79769313486232e+308,"",1,1,120000,500000,2,1.79769313486232e+308,"62","62","01",1,1,"0121","11","20",1823.48472751963
4479933,1,3,1,"70","2",16,48,1,"",2,52,1,"",4,2,1,"","",1.79769313486232e+308,1.79769313486232e+308,1.79769313486232e+308,1.79769313486232e+308,1.79769313486232e+308,1.79769313486232e+308,1.79769313486232e+308,"",1,2,1.79769313486232e+308,737000,2,1.79769313486232e+308,"39","32","74",1,2,"7412","11","20",1070.40595821092
4479933,1,6,1,"70","2",8,48,1,"",2,8,4,"",2,2,1,"","",1.79769313486232e+308,1.79769313486232e+308,1.79769313486232e+308,1.79769313486232e+308,1.79769313486232e+308,1.79769313486232e+308,1.79769313486232e+308,"",1,2,1.79769313486232e+308,700000,2,1.79769313486232e+308,"45","61","01",1,1,"0140","11","20",1070.40595821092
4479938,1,3,1,"70","2",20,40,1,"",2,52,1,"",3,2,1,"","",1.79769313486232e+308,1.79769313486232e+308,1.79769313486232e+308,1.79769313486232e+308,1.79769313486232e+308,1.79769313486232e+308,1.79769313486232e+308,"",1,2,1.79769313486232e+308,737717,2,1.79769313486232e+308,"59","45","52",1,2,"5233","11","20",995.586837856824
4479952,1,3,1,"70","2",20,48,8,"",2,52,1,"",9,2,4,"","",1.79769313486232e+308,1.79769313486232e+308,1.79769313486232e+308,1.79769313486232e+308,1.79769313486232e+308,1.79769313486232e+308,1.79769313486232e+308,"",1,2,1.79769313486232e+308,737717,2,1.79769313486232e+308,"62","95","45",1,2,"4521","11","20",1490.15323193723
4479953,1,4,1,"70","2",7,40,2,"",2,12,2,"",9,2,1,"","",1.79769313486232e+308,1.79769313486232e+308,1.79769313486232e+308,1.79769313486232e+308,1.79769313486232e+308,1.79769313486232e+308,1.79769313486232e+308,"",1,2,1.79769313486232e+308,1200000,2,1.79769313486232e+308,"11","33","75",1,1,"7512","11","20",1238.73017674374
4479961,1,2,1,"70","2",6,48,1,"",2,6,4,"",1,2,1,"","",1.79769313486232e+308,1.79769313486232e+308,1.79769313486232e+308,1.79769313486232e+308,1.79769313486232e+308,1.79769313486232e+308,1.79769313486232e+308,"",1,1,100000,737000,2,1.79769313486232e+308,"39","45","52",1,1,"5261","11","20",2074.17537531224
4479984,1,2,1,"70","2",2,48,1,"",2,12,1,"",4,2,3,"","",1.79769313486232e+308,1.79769313486232e+308,1.79769313486232e+308,1.79769313486232e+308,1.79769313486232e+308,1.79769313486232e+308,1.79769313486232e+308,"",1,2,1.79769313486232e+308,737718,2,1.79769313486232e+308,"45","85","52",1,1,"5272","11","20",1595.97890180601
4480036,1,3,1,"70","2",4,40,1,"",2,5,1,"",4,2,1,"","",1.79769313486232e+308,1.79769313486232e+308,1.79769313486232e+308,1.79769313486232e+308,1.79769313486232e+308,1.79769313486232e+308,1.79769313486232e+308,"",1,1,300000,737717,2,1.79769313486232e+308,"95","95","45",1,1,"4521","11","76",2974.02863373041
4480164,1,1,1,"70","2",3,40,1,"",2,3,4,"",1,2,1,"","",1.79769313486232e+308,1.79769313486232e+308,1.79769313486232e+308,1.79769313486232e+308,1.79769313486232e+308,1,1.79769313486232e+308,"",1.79769313486232e+308,1,150000,737000,2,1.79769313486232e+308,"60","61","01",1,1,"0140","11","18",478.942176521906
4480168,1,3,1,"70","2",3,40,3,"",2,16,4,"",1,2,4,"","",1.79769313486232e+308,1.79769313486232e+308,1.79769313486232e+308,1.79769313486232e+308,1.79769313486232e+308,1.79769313486232e+308,1.79769313486232e+308,"",1,2,1.79769313486232e+308,300000,2,1.79769313486232e+308,"54","54","74",1,1,"7493","11","18",204.121826174811
4480181,1,3,1,"70","2",10,40,1,"",1,1.79769313486232e+308,1.79769313486232e+308,"",1.79769313486232e+308,1.79769313486232e+308,1.79769313486232e+308,"",".",1.79769313486232e+308,1.79769313486232e+308,1.79769313486232e+308,1.79769313486232e+308,1.79769313486232e+308,1.79769313486232e+308,1.79769313486232e+308,".",1.79769313486232e+308,1.79769313486232e+308,1.79769313486232e+308,1500000,1.79769313486232e+308,1.79769313486232e+308,"19","","",1,1,"","11","18",429.141412142322
4480197,1,4,1,"70","2",16,40,1,"",1,1.79769313486232e+308,1.79769313486232e+308,"",1.79769313486232e+308,1.79769313486232e+308,1.79769313486232e+308,"",".",1.79769313486232e+308,1.79769313486232e+308,1.79769313486232e+308,1.79769313486232e+308,1.79769313486232e+308,1.79769313486232e+308,1.79769313486232e+308,".",1.79769313486232e+308,1.79769313486232e+308,1.79769313486232e+308,600000,1.79769313486232e+308,1.79769313486232e+308,"45","","",1,2,"","11","18",744.510629391902
4480227,1,3,1,"70","2",24,40,1,"",2,24,2,"",9,2,2,"","",1.79769313486232e+308,1.79769313486232e+308,1.79769313486232e+308,1.79769313486232e+308,1.79769313486232e+308,1.79769313486232e+308,1.79769313486232e+308,"",1,2,1.79769313486232e+308,2000000,2,1.79769313486232e+308,"19","19","75",1,2,"7524","11","18",1127.57981790507
4480234,1,3,1,"70","2",8,40,1,"",2,48,1,"",9,2,4,"","",1.79769313486232e+308,1.79769313486232e+308,1.79769313486232e+308,1.79769313486232e+308,1.79769313486232e+308,1.79769313486232e+308,1.79769313486232e+308,"",1,2,1.79769313486232e+308,737717,2,1.79769313486232e+308,"59","59","85",1,1,"8511","11","18",1376.94334138331
4481561,1,3,1,"70","2",8,40,1,"",1,1.79769313486232e+308,1.79769313486232e+308,"",1.79769313486232e+308,1.79769313486232e+308,1.79769313486232e+308,"",".",1.79769313486232e+308,1.79769313486232e+308,1.79769313486232e+308,1.79769313486232e+308,1.79769313486232e+308,1.79769313486232e+308,1.79769313486232e+308,".",1.79769313486232e+308,1.79769313486232e+308,1.79769313486232e+308,737717,1.79769313486232e+308,1.79769313486232e+308,"86","","",1,1,"","11","23",1653.46374062984
4481564,1,4,1,"70","2",32,40,3,"",2,26,1,"",4,2,1,"","",1.79769313486232e+308,1.79769313486232e+308,1.79769313486232e+308,1.79769313486232e+308,1.79769313486232e+308,1.79769313486232e+308,1.79769313486232e+308,"",1,2,1.79769313486232e+308,737717,2,1.79769313486232e+308,"54","32","91",1,2,"9199","11","23",2619.5331482536
4481569,2,1,2,"70","2",24,40,3,"",2,24,3,"",1,2,4,"","",1.79769313486232e+308,1.79769313486232e+308,1.79769313486232e+308,1.79769313486232e+308,1.79769313486232e+308,1.79769313486232e+308,1.79769313486232e+308,"",1,2,1.79769313486232e+308,500000,2,1.79769313486232e+308,"54","54","95",1,2,"9500","11","23",2102.49233208982
4481577,1,3,1,"70","2",24,40,3,"",2,16,3,"",1,2,1,"","",1.79769313486232e+308,1.79769313486232e+308,1.79769313486232e+308,1.79769313486232e+308,1.79769313486232e+308,1.79769313486232e+308,1.79769313486232e+308,"",1,2,1.79769313486232e+308,300000,2,1.79769313486232e+308,"54","54","95",1,2,"9500","11","23",1144.14795872822
4481583,1,5,1,"70","2",4,40,3,"",1,1.79769313486232e+308,1.79769313486232e+308,"",1.79769313486232e+308,1.79769313486232e+308,1.79769313486232e+308,"",".",1.79769313486232e+308,1.79769313486232e+308,1.79769313486232e+308,1.79769313486232e+308,1.79769313486232e+308,1.79769313486232e+308,1.79769313486232e+308,".",1.79769313486232e+308,1.79769313486232e+308,1.79769313486232e+308,300000,1.79769313486232e+308,1.79769313486232e+308,"54","","",1,1,"","11","23",3045.11243024627
4481600,1,1,1,"70","2",18,40,8,"",2,20,8,"",4,2,1,"","",1.79769313486232e+308,1.79769313486232e+308,1.79769313486232e+308,1.79769313486232e+308,1.79769313486232e+308,1.79769313486232e+308,1.79769313486232e+308,"",1,2,1.79769313486232e+308,200000,2,1.79769313486232e+308,"62","62","01",1,2,"0115","11","23",2236.68796311368
4481601,1,3,1,"70","2",12,48,3,"",2,12,3,"",1,2,1,"","",1.79769313486232e+308,1.79769313486232e+308,1.79769313486232e+308,1.79769313486232e+308,1.79769313486232e+308,1.79769313486232e+308,1.79769313486232e+308,"",1,2,1.79769313486232e+308,500000,2,1.79769313486232e+308,"54","54","95",1,1,"9500","11","23",1514.66894049133
4481605,1,1,1,"70","2",3,40,4,"",2,3,1,"",2,2,1,"","",1.79769313486232e+308,1.79769313486232e+308,1.79769313486232e+308,1.79769313486232e+308,1.79769313486232e+308,1.79769313486232e+308,1.79769313486232e+308,"",1,1,100000,250000,2,1.79769313486232e+308,"61","95","45",1,1,"4521","11","23",2346.65856141375
4481608,1,2,1,"70","2",10,48,1,"",1,1.79769313486232e+308,1.79769313486232e+308,"",1.79769313486232e+308,1.79769313486232e+308,1.79769313486232e+308,"",".",1.79769313486232e+308,1.79769313486232e+308,1.79769313486232e+308,1.79769313486232e+308,1.79769313486232e+308,1.79769313486232e+308,1.79769313486232e+308,".",1.79769313486232e+308,1.79769313486232e+308,1.79769313486232e+308,737717,1.79769313486232e+308,1.79769313486232e+308,"59","","",1,1,"","11","23",1868.02286295638
4481611,1,4,1,"70","2",2,40,1,"",2,3,1,"",5,2,1,"","",1.79769313486232e+308,1.79769313486232e+308,1.79769313486232e+308,1.79769313486232e+308,1.79769313486232e+308,1.79769313486232e+308,1.79769313486232e+308,"",1,2,1.79769313486232e+308,500000,2,1.79769313486232e+308,"95","95","45",1,1,"4521","11","23",1700.98975190173
4481612,1,2,1,"70","2",4,20,1,"",1,1.79769313486232e+308,1.79769313486232e+308,"",1.79769313486232e+308,1.79769313486232e+308,1.79769313486232e+308,"",".",1.79769313486232e+308,1.79769313486232e+308,1.79769313486232e+308,1.79769313486232e+308,1.79769313486232e+308,1.79769313486232e+308,1.79769313486232e+308,".",1.79769313486232e+308,1.79769313486232e+308,1.79769313486232e+308,300000,1.79769313486232e+308,1.79769313486232e+308,"45","","",1,1,"","11","23",2801.87743700051
4481649,1,2,1,"70","2",8,48,1,"",2,8,3,"",1,2,1,"","",1.79769313486232e+308,1.79769313486232e+308,1.79769313486232e+308,1.79769313486232e+308,1.79769313486232e+308,1.79769313486232e+308,1.79769313486232e+308,"",1,2,1.79769313486232e+308,737717,2,1.79769313486232e+308,"45","54","95",1,1,"9500","11","23",4512.3279726089
4481651,1,2,1,"70","2",6,48,1,"",1,1.79769313486232e+308,1.79769313486232e+308,"",1.79769313486232e+308,1.79769313486232e+308,1.79769313486232e+308,"",".",1.79769313486232e+308,1.79769313486232e+308,1.79769313486232e+308,1.79769313486232e+308,1.79769313486232e+308,1.79769313486232e+308,1.79769313486232e+308,".",1.79769313486232e+308,1.79769313486232e+308,1.79769313486232e+308,737717,1.79769313486232e+308,1.79769313486232e+308,"59","","",1,1,"","11","23",6634.81787083499
4481652,1,2,1,"70","2",8,48,3,"",2,8,3,"",1,2,1,"","",1.79769313486232e+308,1.79769313486232e+308,1.79769313486232e+308,1.79769313486232e+308,1.79769313486232e+308,1,1.79769313486232e+308,"",1.79769313486232e+308,2,1.79769313486232e+308,500000,2,1.79769313486232e+308,"54","54","95",1,1,"9500","11","23",6982.72234304716
4481747,1,2,1,"70","2",4,48,1,"",2,5,1,"",9,2,1,"","",1.79769313486232e+308,1.79769313486232e+308,1.79769313486232e+308,1.79769313486232e+308,1.79769313486232e+308,1,1.79769313486232e+308,"",1.79769313486232e+308,1,747717,747717,2,1.79769313486232e+308,"55","55","70",1,1,"7020","11","41",3363.93084073088
4481748,1,1,1,"70","2",24,48,1,"",2,24,4,"",1,2,1,"","",1.79769313486232e+308,1.79769313486232e+308,1.79769313486232e+308,1.79769313486232e+308,1.79769313486232e+308,1.79769313486232e+308,1.79769313486232e+308,"",1,2,1.79769313486232e+308,737000,2,1.79769313486232e+308,"53","53","55",1,2,"5521","11","41",951.21894269835
4481774,1,2,1,"70","2",8,36,8,"",2,8,1,"",7,2,1,"","",1.79769313486232e+308,1.79769313486232e+308,1.79769313486232e+308,1.79769313486232e+308,1.79769313486232e+308,1.79769313486232e+308,1.79769313486232e+308,"",1,2,1.79769313486232e+308,500000,2,1.79769313486232e+308,"62","62","01",1,1,"0123","11","41",1436.95226514638
4481776,1,3,1,"70","2",4,48,1,"",2,16,4,"",1,2,1,"","",1.79769313486232e+308,1.79769313486232e+308,1.79769313486232e+308,1.79769313486232e+308,1.79769313486232e+308,1.79769313486232e+308,1.79769313486232e+308,"",1,2,1.79769313486232e+308,737000,2,1.79769313486232e+308,"45","55","74",1,1,"7493","11","41",1118.14542647648
4481829,1,1,1,"70","2",12,45,3,"",2,53,4,"",1,2,1,"","",1.79769313486232e+308,1.79769313486232e+308,1.79769313486232e+308,1.79769313486232e+308,1.79769313486232e+308,1.79769313486232e+308,1.79769313486232e+308,"",1,2,1.79769313486232e+308,400000,2,1.79769313486232e+308,"59","45","52",1,1,"5261","11","41",2432.73406891651
4481849,1,1,1,"70","2",6,48,1,"",2,6,1,"",2,2,1,"","",1.79769313486232e+308,1.79769313486232e+308,1.79769313486232e+308,1.79769313486232e+308,1.79769313486232e+308,1.79769313486232e+308,1.79769313486232e+308,"",1,2,1.79769313486232e+308,1000000,2,1.79769313486232e+308,"58","58","75",1,1,"7524","11","41",2199.66471882931
4481851,1,1,1,"70","2",3,45,4,"",2,4,4,"",1,2,3,"","",1.79769313486232e+308,1.79769313486232e+308,1.79769313486232e+308,1.79769313486232e+308,1.79769313486232e+308,1.79769313486232e+308,1.79769313486232e+308,"",1,1,50000,500000,2,1.79769313486232e+308,"61","61","01",1,1,"0111","11","41",1836.11949330906
4482012,1,2,1,"70","2",4,30,4,"",2,9,1,"",9,2,7,"","",1.79769313486232e+308,1.79769313486232e+308,1,1.79769313486232e+308,1.79769313486232e+308,1.79769313486232e+308,1.79769313486232e+308,"",1.79769313486232e+308,2,1.79769313486232e+308,700000,2,1.79769313486232e+308,"51","03","28",1,1,"2892","11","13",1108.79198651715
4482155,1,2,1,"70","2",3,42,8,"",2,3,4,"",2,2,1,"","",1.79769313486232e+308,1.79769313486232e+308,1.79769313486232e+308,1.79769313486232e+308,1.79769313486232e+308,1.79769313486232e+308,1.79769313486232e+308,"",1,1,500000,500000,2,1.79769313486232e+308,"62","61","01",1,1,"0118","11","18",577.951283417808
4482180,1,1,1,"70","2",16,40,1,"",2,16,1,"",2,2,1,"","",1.79769313486232e+308,1.79769313486232e+308,1.79769313486232e+308,1.79769313486232e+308,1.79769313486232e+308,1.79769313486232e+308,1.79769313486232e+308,"",1,2,1.79769313486232e+308,800000,2,1.79769313486232e+308,"60","60","01",1,2,"0121","11","18",313.540937297864
4482181,1,3,1,"70","2",8,40,1,"",1,1.79769313486232e+308,1.79769313486232e+308,"",1.79769313486232e+308,1.79769313486232e+308,1.79769313486232e+308,"",".",1.79769313486232e+308,1.79769313486232e+308,1.79769313486232e+308,1.79769313486232e+308,1.79769313486232e+308,1.79769313486232e+308,1.79769313486232e+308,".",1.79769313486232e+308,1.79769313486232e+308,1.79769313486232e+308,767000,1.79769313486232e+308,1.79769313486232e+308,"39","","",1,1,"","11","18",238.144088487413
4484016,1,3,1,"70","2",4,56,4,"",2,8,4,"",1,2,4,"","",1.79769313486232e+308,1.79769313486232e+308,1.79769313486232e+308,1.79769313486232e+308,1.79769313486232e+308,1.79769313486232e+308,1.79769313486232e+308,"",1,2,1.79769313486232e+308,800000,2,1.79769313486232e+308,"89","89","23",1,1,"2310","11","54",2055.34917910198
4484134,1,2,1,"70","2",50,50,4,"",2,108,4,"",1,2,3,"","",1.79769313486232e+308,1.79769313486232e+308,1.79769313486232e+308,1.79769313486232e+308,1.79769313486232e+308,1.79769313486232e+308,1.79769313486232e+308,"",1,2,1.79769313486232e+308,400000,2,1.79769313486232e+308,"62","53","55",1,2,"5521","11","54",552.32151866068
4484196,1,2,1,"70","2",20,50,4,"",2,20,4,"",1,2,1,"","",1.79769313486232e+308,1.79769313486232e+308,1.79769313486232e+308,1.79769313486232e+308,1.79769313486232e+308,1.79769313486232e+308,1.79769313486232e+308,"",1,2,1.79769313486232e+308,100000,2,1.79769313486232e+308,"61","61","01",1,2,"0117","11","54",931.470694427938
4484248,1,4,1,"70","2",26,48,3,"",2,8,4,"",1,2,1,"","",1.79769313486232e+308,1.79769313486232e+308,1.79769313486232e+308,1.79769313486232e+308,1.79769313486232e+308,1.79769313486232e+308,1.79769313486232e+308,"",1,2,1.79769313486232e+308,600000,2,1.79769313486232e+308,"54","54","74",1,2,"7493","11","70",1438.85795637975
4484249,1,4,1,"70","2",48,48,1,"",2,52,1,"",9,2,1,"","",1.79769313486232e+308,1.79769313486232e+308,1.79769313486232e+308,1.79769313486232e+308,1.79769313486232e+308,1.79769313486232e+308,1.79769313486232e+308,"",1,2,1.79769313486232e+308,400000,2,1.79769313486232e+308,"13","13","80",1,2,"8011","11","70",848.433255544064
4484385,1,2,1,"70","2",12,48,1,"",2,12,1,"",9,2,7,"","",1.79769313486232e+308,1.79769313486232e+308,1.79769313486232e+308,1.79769313486232e+308,1.79769313486232e+308,1.79769313486232e+308,1.79769313486232e+308,"",1,2,1.79769313486232e+308,737700,2,1.79769313486232e+308,"62","62","02",1,1,"0201","11","15",1665.70294531414
4485222,1,8,1,"70","2",5,42,1,"",2,5,4,"",2,2,1,"","",1.79769313486232e+308,1.79769313486232e+308,1.79769313486232e+308,1.79769313486232e+308,1.79769313486232e+308,1.79769313486232e+308,1.79769313486232e+308,"",1,2,1.79769313486232e+308,600000,2,1.79769313486232e+308,"45","61","01",1,1,"0140","11","18",780.293969258238
4485875,1,1,1,"70","2",4,48,4,"",2,3,4,"",1,2,1,"","",1.79769313486232e+308,1.79769313486232e+308,1,1.79769313486232e+308,1.79769313486232e+308,1.79769313486232e+308,1.79769313486232e+308,"",1.79769313486232e+308,1,2000000,737717,2,1.79769313486232e+308,"95","95","45",1,1,"4521","11","25",1900.25735317763
4485976,1,3,1,"70","2",8,40,1,"",2,8,1,"",6,2,4,"","",1.79769313486232e+308,1.79769313486232e+308,1.79769313486232e+308,1.79769313486232e+308,1.79769313486232e+308,1.79769313486232e+308,1.79769313486232e+308,"",1,2,1.79769313486232e+308,737717,2,1.79769313486232e+308,"39","45","51",1,1,"5132","11","25",1414.67585672692
4486024,1,5,1,"70","2",8,40,1,"",2,1,1,"",2,2,1,"","",1.79769313486232e+308,1.79769313486232e+308,1.79769313486232e+308,1.79769313486232e+308,1.79769313486232e+308,1.79769313486232e+308,1.79769313486232e+308,"",1,1,98,400000,2,1.79769313486232e+308,"53","53","55",1,1,"5521","11","25",2083.09003876223
4486051,1,1,1,"70","2",20,40,2,"",1,1.79769313486232e+308,1.79769313486232e+308,"",1.79769313486232e+308,1.79769313486232e+308,1.79769313486232e+308,"",".",1.79769313486232e+308,1.79769313486232e+308,1.79769313486232e+308,1.79769313486232e+308,1.79769313486232e+308,1.79769313486232e+308,1.79769313486232e+308,".",1.79769313486232e+308,1.79769313486232e+308,1.79769313486232e+308,2000000,1.79769313486232e+308,1.79769313486232e+308,"05","","",1,2,"","11","27",2428.05880569535
4486052,1,3,1,"70","2",24,40,4,"",1,1.79769313486232e+308,1.79769313486232e+308,"",1.79769313486232e+308,1.79769313486232e+308,1.79769313486232e+308,"",".",1.79769313486232e+308,1.79769313486232e+308,1.79769313486232e+308,1.79769313486232e+308,1.79769313486232e+308,1.79769313486232e+308,1.79769313486232e+308,".",1.79769313486232e+308,1.79769313486232e+308,1.79769313486232e+308,500000,1.79769313486232e+308,1.79769313486232e+308,"97","","",1,2,"","11","27",827.930887533987
4486053,1,1,1,"70","2",2,20,2,"",2,10,2,"",9,2,1,"","",1.79769313486232e+308,1.79769313486232e+308,1.79769313486232e+308,1.79769313486232e+308,1.79769313486232e+308,1.79769313486232e+308,1.79769313486232e+308,"",1,2,1.79769313486232e+308,737717,2,1.79769313486232e+308,"13","13","80",1,1,"8012","11","27",1112.57051988971
4486246,1,3,1,"70","2",36,9,1,"",2,48,1,"",3,2,1,"","",1.79769313486232e+308,1.79769313486232e+308,1.79769313486232e+308,1.79769313486232e+308,1.79769313486232e+308,1.79769313486232e+308,1.79769313486232e+308,"",1,2,1.79769313486232e+308,500000,2,1.79769313486232e+308,"59","59","63",1,2,"6340","11","27",1631.05592516038
4486463,1,2,1,"70","2",8,48,1,"",2,58,5,"",4,2,1,"","",1.79769313486232e+308,1.79769313486232e+308,1.79769313486232e+308,1.79769313486232e+308,1.79769313486232e+308,1.79769313486232e+308,1.79769313486232e+308,"",1,2,1.79769313486232e+308,737717,2,1.79769313486232e+308,"45","41","52",1,1,"5239","11","47",957.638371417161
4486473,1,4,1,"70","2",60,48,1,"",2,52,3,"",1,2,1,"","",1.79769313486232e+308,1.79769313486232e+308,1.79769313486232e+308,1.79769313486232e+308,1.79769313486232e+308,1.79769313486232e+308,1.79769313486232e+308,"",1,2,1.79769313486232e+308,700000,2,1.79769313486232e+308,"55","54","95",1,2,"9500","11","47",1259.63931949555
4486473,1,7,1,"70","2",8,48,1,"",2,8,8,"",9,2,1,"","",1.79769313486232e+308,1.79769313486232e+308,1.79769313486232e+308,1.79769313486232e+308,1.79769313486232e+308,1.79769313486232e+308,1.79769313486232e+308,"",1,2,1.79769313486232e+308,737500,2,1.79769313486232e+308,"55","62","01",1,1,"0115","11","47",1259.63931949555
4486495,1,2,1,"70","2",12,48,3,"",2,36,4,"",1,2,1,"","",1.79769313486232e+308,1.79769313486232e+308,1.79769313486232e+308,1.79769313486232e+308,1.79769313486232e+308,1.79769313486232e+308,1.79769313486232e+308,"",1,2,1.79769313486232e+308,98,2,1.79769313486232e+308,"54","53","55",1,1,"5530","11","47",1146.50993877561
4486512,1,4,1,"70","2",4,50,1,"",2,4,1,"",3,2,1,"","",1.79769313486232e+308,1.79769313486232e+308,1.79769313486232e+308,1.79769313486232e+308,1.79769313486232e+308,1.79769313486232e+308,1.79769313486232e+308,"",1,1,280000,700000,2,1.79769313486232e+308,"77","77","52",1,1,"5223","11","47",1506.63957947062
4486519,2,1,2,"70","2",16,24,1,"",2,12,3,"",1,2,1,"","",1.79769313486232e+308,1.79769313486232e+308,1.79769313486232e+308,1.79769313486232e+308,1.79769313486232e+308,1.79769313486232e+308,1.79769313486232e+308,"",1,2,1.79769313486232e+308,200000,2,1.79769313486232e+308,"53","54","95",1,2,"9500","11","47",2326.94745256543
4486656,1,2,1,"70","2",8,48,1,"",2,8,1,"",9,2,2,"","",1.79769313486232e+308,1.79769313486232e+308,1.79769313486232e+308,1.79769313486232e+308,1.79769313486232e+308,1.79769313486232e+308,1.79769313486232e+308,"",1,2,1.79769313486232e+308,737717,2,1.79769313486232e+308,"59","53","01",1,1,"0115","11","50",2556.9923378504
4486664,1,1,1,"70","2",12,50,8,"",2,12,1,"",9,2,1,"","",1.79769313486232e+308,1.79769313486232e+308,1.79769313486232e+308,1.79769313486232e+308,1.79769313486232e+308,1.79769313486232e+308,1.79769313486232e+308,"",1,2,1.79769313486232e+308,800000,2,1.79769313486232e+308,"55","62","01",1,1,"0115","11","50",1465.34474354819
4486828,1,2,1,"70","2",4,48,1,"",2,21,1,"",9,2,2,"","",1.79769313486232e+308,1.79769313486232e+308,1.79769313486232e+308,1.79769313486232e+308,1.79769313486232e+308,1.79769313486232e+308,1.79769313486232e+308,"",1,2,1.79769313486232e+308,737717,2,1.79769313486232e+308,"53","58","11",1,1,"1110","11","50",2364.91578833277
4486836,1,2,1,"70","2",104,48,1,"",2,208,1,"",9,2,2,"","",1.79769313486232e+308,1.79769313486232e+308,1.79769313486232e+308,1.79769313486232e+308,1.79769313486232e+308,1.79769313486232e+308,1.79769313486232e+308,"",1,2,1.79769313486232e+308,737717,2,1.79769313486232e+308,"54","54","11",1,2,"1110","11","50",2205.32421669337
4486838,1,2,1,"70","2",156,40,1,"",2,156,1,"",9,2,2,"","",1.79769313486232e+308,1.79769313486232e+308,1.79769313486232e+308,1.79769313486232e+308,1.79769313486232e+308,1.79769313486232e+308,1.79769313486232e+308,"",1,2,1.79769313486232e+308,750000,2,1.79769313486232e+308,"58","58","11",1,2,"1110","11","50",3563.92067044166
4486839,1,2,1,"70","2",8,48,1,"",2,70,1,"",9,2,2,"","",1.79769313486232e+308,1.79769313486232e+308,1.79769313486232e+308,1.79769313486232e+308,1.79769313486232e+308,1.79769313486232e+308,1.79769313486232e+308,"",1,2,1.79769313486232e+308,737717,2,1.79769313486232e+308,"03","55","45",1,1,"4530","11","50",3610.79504963981
4486843,1,3,1,"70","2",26,48,1,"",2,26,3,"",1,2,1,"","",1.79769313486232e+308,1.79769313486232e+308,1.79769313486232e+308,1.79769313486232e+308,1.79769313486232e+308,1.79769313486232e+308,1.79769313486232e+308,"",1,2,1.79769313486232e+308,737717,2,1.79769313486232e+308,"58","62","95",1,2,"9500","11","50",3982.06187871448
4486874,1,1,1,"70","2",156,48,4,"",2,4,4,"",1,2,4,"","",1.79769313486232e+308,1.79769313486232e+308,1,1.79769313486232e+308,1.79769313486232e+308,1.79769313486232e+308,1.79769313486232e+308,"",1.79769313486232e+308,1,40000,737717,2,1.79769313486232e+308,"61","61","01",1,2,"0140","11","50",942.299748436591
4486958,1,3,1,"70","2",36,48,3,"",2,150,3,"",1,2,1,"","",1.79769313486232e+308,1.79769313486232e+308,1.79769313486232e+308,1.79769313486232e+308,1.79769313486232e+308,1.79769313486232e+308,1.79769313486232e+308,"",1,2,1.79769313486232e+308,737000,2,1.79769313486232e+308,"54","54","95",1,2,"9500","11","19",1090.22341810554
4486983,1,1,1,"70","2",50,48,4,"",2,50,5,"",2,2,3,"","",1.79769313486232e+308,1.79769313486232e+308,1.79769313486232e+308,1.79769313486232e+308,1.79769313486232e+308,1.79769313486232e+308,1.79769313486232e+308,"",1,2,1.79769313486232e+308,800000,2,1.79769313486232e+308,"95","95","45",1,2,"4521","11","19",1090.22341810554
4486988,1,2,1,"70","2",200,32,1,"",2,200,1,"",9,2,1,"","",1.79769313486232e+308,1.79769313486232e+308,1.79769313486232e+308,1.79769313486232e+308,1.79769313486232e+308,1.79769313486232e+308,1.79769313486232e+308,"",1,2,1.79769313486232e+308,98,2,1.79769313486232e+308,"59","59","85",1,2,"8511","11","19",1090.22341810554
4487005,1,2,1,"70","2",8,40,1,"",2,8,1,"",6,2,1,"","",1.79769313486232e+308,1.79769313486232e+308,1.79769313486232e+308,1.79769313486232e+308,1.79769313486232e+308,1.79769313486232e+308,1.79769313486232e+308,"",1,2,1.79769313486232e+308,600000,2,1.79769313486232e+308,"53","53","55",1,1,"5521","11","19",1090.22341810554
4487021,1,2,1,"70","2",2,48,1,"",2,4,1,"",9,2,1,"","",1.79769313486232e+308,1.79769313486232e+308,1.79769313486232e+308,1.79769313486232e+308,1.79769313486232e+308,1.79769313486232e+308,1.79769313486232e+308,"",1,1,850000,800000,2,1.79769313486232e+308,"13","13","80",1,1,"8042","11","19",1090.22341810554